Hospital Name,State,City/Area,Address
New Era Hospital Ltd,Abia,Aba,"213/215 Azikiwe Road, Aba"
Living Word Hospital,Abia,Aba,"5/7 Umuocham Street, Off Aba-Owerri Road, Aba"
Mendel Hospital,Abia,Aba,"20 Tenant Road, Aba"
Alpha Inland Hospital,Abia,Aba,"36 Glass Industry Road, Aba"
St. Anthony's Hospital,Abia,Aba,"62/80 Etche Road, Aba"
Zikora Medical Center,Abia,Aba,"Ogbor Hill, Aba"
Life Care Clinics Ltd,Abia,Aba,"8 Eziukwu Road, Aba"
Ngozi Hospital,Abia,Umuahia,"9 Warri Street, Umuahia"
Healing Cross Hospital,Abia,Umuahia,"Km 2 Bende Road, Umuahia"
Hammer Smith Medical Centre,Abia,Umuahia,"Block 3 Amuzukwu Road, Amuzukwu Layout, Umuahia"
Madonna Catholic Hospital,Abia,Umuahia,"Aba Road, Umuahia"
Amana Medical Centre,Abuja,Abuja FCT,"Block A No.1 Nairobi Street, Off Aminu Kano Crescent, Wuse 2, Abuja"
Bio Royal Hospital,Abuja,Garki,"190 Okene/Jebba Close, Area 2, Garki, Abuja"
Alliance Clinic & Services,Abuja,Abuja FCT,"No. 5 Malumfashi Close, Off Emeka Anyaoku Street, Area 11, Abuja"
City Hospital,Abuja,Wuse,"Wuse Zone 5, Opposite the High Court, Abuja"
Katameya Firstcall Hospital Ltd,Abuja,Kado Kuchi,"Opposite Cash N Carry, Kado, Abuja"
Kelina Medical Centre,Abuja,Gwarimpa,"3rd Avenue, Gwarimpa Estate, Abuja"
Silver-Fountain Medical Centre,Abuja,Airport Road,"Kukwaba District, Phase 11, Opp. Kuchingoro, Airport Road, Abuja"
Capital Hospital,Abuja,Wuse,"5 Oran Street, Zone 1, Wuse, Abuja"
Rouz Hospital & Maternity Ltd,Abuja,Apo,"Plot 557, 2nd Gate, Zone D, Apo Quarter, Garki, Abuja"
Limi Hospital & Maternity Limited,Abuja,CBD,"Plot 541, Off Constitution Avenue, Central Area, Abuja"
Arewa Specialist Hospital,Abuja,Jabi,"31 Alex Ekwueme Way, Jabi, Abuja"
Nisa Premier Hospital,Abuja,Jabi,"33 Alex Ekwueme Way, Jabi, Abuja"
Familycare Multiclinics Ltd,Abuja,Asokoro,"9 Lord Lugard Street, Asokoro, Abuja"
King's Care Hospital,Abuja,Wuse,"Plot 2181 Ibrahim Babangida Way, Wuse Zone 4, Abuja"
Paafag Hospital,Abuja,Lugbe,"FHA Estate, Lugbe, Abuja"
Jedam Spring Hospital Ltd,Abuja,Kuje,"Kuje, Abuja"
Jerab Hospital,Abuja,Gwagwalada,"Plot 145 Kutunku, Off FRCN Road, Gwagwalada, Abuja"
Living Stream Hospital,Abuja,Gwagwalada,"43/45 Street A, Phase 1, Off University Road, Gwagwalada, Abuja"
General Hospital Abaji,Abuja,Abaji,"Abaji, Abuja"
First Hospital & Maternity Ltd,Abuja,Karu/Nyanya,"By CBN Junction, Karu, Abuja"
King's Care Hospital Kubwa,Abuja,Kubwa,"7 Christmas Road, Kubwa, Abuja"
Our Lady of Fatima Catholic Hospital,Abuja,Bwari,"Ushafa Road, Bwari, Abuja"
Summit Hospital,Abuja,Bwari,"Bwari, Abuja"
Medimax Hospital,Abuja,Gwarimpa,"11, 612 Road, 7th Avenue, Gwarimpa, Abuja"
Peace Hospital,Adamawa,Yola,"91 Muhammmed Mustapha Way, Jimeta, Yola"
Galbose Hospital,Adamawa,Yola,"Yola, Adamawa State"
General Hospital Michika,Adamawa,Michika,"Michika, Adamawa State"
General Hospital Numan,Adamawa,Numan,"Numan, Adamawa State"
Mount Olive Hospital,Akwa Ibom,Uyo,"8 Ebong Essien Street, Opposite Lords Motel, Uyo"
Domingo Hospital Limited,Akwa Ibom,Uyo,"Plot 9 Unit E, Ewet Housing Estate, Uyo"
St Athanasius Hospital,Akwa Ibom,Uyo,"1 Ufeh Street, Federal Housing Estate, Uyo"
Samaritan Clinic & Hospital,Akwa Ibom,Eket,"7 Ekon Uko Street, Eket"
Nduye Medical Services,Akwa Ibom,Eket,"29 Ekpene Ukpa Street, Eket"
Beacon Hospital,Anambra,Awka,"12 Umudora Street, Awka"
Harmony Hospital,Anambra,Awka,"5 Orogbu Street, Awka"
Chimex Specialist Hospital,Anambra,Nnewi,"27 Ezemewi Road, Nnewichi, Nnewi"
Life Specialist Hospital,Anambra,Nnewi,"7 Ikemba Drive, Umudim, Nnewi"
Mercy Specialist Hospital & Maternity,Anambra,Onitsha,"4A New American Road, Onitsha"
Holy Rosary Hospital & Maternity,Anambra,Onitsha,"Along Bank of The Niger River, Onitsha"
Venik Hospital,Anambra,Onitsha,"1 Olo Street, Omagbo Layout, Onitsha"
Ifeanyichukwu Specialist Hospital,Anambra,Onitsha,"Km.7 Onitsha-Owerri Road, Onitsha"
Toronto Hospital Ltd,Anambra,Onitsha,"2 Upper Niger Bridge Road, Onitsha"
Asuefai Clinic,Bayelsa,Yenegoa,"Chief F.Bunas Compound, Onopa, Yenegoa"
Tobis Clinic & Consultants,Bayelsa,Yenegoa,"KM 14 Melford Okilo Road, Akenfa, Yenegoa"
Niima Consultant Clinic,Bauchi,Bauchi,"P.O.Box 3018, Bauchi"
Pahlycon Hospital,Bauchi,Bauchi,"Bauchi, Bauchi State"
State Specialist Hospital,Bauchi,Bauchi,"Bauchi, Bauchi State"
Al-Wadata Clinic,Bauchi,Bauchi,"Bauchi, Bauchi State"
Darus-Salam Health Centre,Bauchi,Bauchi,"Dutsen Tanshi, Bauchi"
Albashir Clinic,Bauchi,Bauchi,"GRA, Bauchi"
ATBU Teaching Hospital,Bauchi,Bauchi,"Bauchi, Bauchi State"
Federal Medical Centre Azare,Bauchi,Azare,"Azare, Bauchi State"
First Fertility Hospital,Benue,Makurdi,"Plot BNB 5827, Behind Tile Ankpa Ward, Makurdi"
45 Nigeria Air Force Hospital,Benue,Makurdi,"Nigeria Airforce Base Ankpa Ward, Makurdi"
St. Daniels Hospital,Benue,Otukpo,"Otukpo, Benue State"
General Hospital Vandekeiya,Benue,Vandekeiya,"Vandeikya, Benue State"
General Hospital Katsina-Ala,Benue,Katsina-Ala,"Katsina Ala, Benue State"
Myom Hospital,Benue,Gboko,"Gboko, Benue State"
Nakowa Specialist Hospital,Borno,Maiduguri,"Lagos Street, Maiduguri"
Alpha Medical Centre,Borno,Maiduguri,"Circular Road, GRA, Maiduguri"
Potiskum Medical Centre,Borno,Potiskum,"Potiskum, Borno State"
Hirku Medical Centre,Borno,Biu,"Biu, Borno State"
Faith Foundation Specialist Clinic,Cross River,Calabar,"57 Ndidem Usang Iso Road, Calabar"
Bakor Medical Centre,Cross River,Calabar,"141 Ndidem Usong Iso Road, Calabar"
Hannah Foundation Clinic & Trauma Centre,Cross River,Calabar,"3 Akm Close State Housing Estate, Calabar"
Mount Zion Medical Centre,Cross River,Calabar,"5 Yellow Duke Close, Calabar"
Danex Hospital,Cross River,Ugep,"5 Ikom Highway, Ugep"
County Specialist Hospital,Cross River,Ikom,"No 77 Calabar Road, 4 Corners SQ, Ikom"
Icon Clinic & Maternity Home,Delta,Asaba,"303 Nnebisi Road, Asaba"
St. Joseph Catholic Hospital,Delta,Asaba,"142 Nnebisi Road, Asaba"
Capitol Hill Clinic & Hospital,Delta,Warri,"2 Omamofe Sillo Street, Off Etuwewe Street, Off Deco Road, Warri"
Group Christian Medical Centre,Delta,Warri,"Mosheshe Estate, Off Airport Road, Warri"
Humanity Clinic,Delta,Warri,"100 Enerhen Road, Warri"
Abelo Eye Clinic,Delta,Warri,"114 Warri/Sapele Road, Warri"
Lily Hospital,Delta,Warri,"2 Tombrifa Close, Off Deco Road, Warri"
Anioma Hospital,Delta,Agbor,"13 Memeh Street, Boji-Boji, Owa, Agbor"
Aluta Memorial Hospital,Delta,Oleh,"207 Ogbemudia Road, Oleh"
Ufor Hospital,Delta,Ughelli,"19 Uloho Avenue, Ughelli"
Mascap Hospital,Delta,Sapele,"34 Adeola Road, Sapele"
Sapele Clinic,Delta,Sapele,"181 New Ogorode Road, Sapele"
St. Mary Magdalene Hospital,Edo,Benin City,"8 Isibor Street, Off Murtala Mohammed Way, Benin City"
Aniso Specialist Medical Centre,Edo,Benin City,"11 2nd Federal Road, Uselu, Benin City"
Edi International Hospital Ltd,Edo,Benin City,"1 Aideyan Avenue GRA, Benin City"
Mount Gilead Hospital,Edo,Benin City,"1 Mount Gilead Hospital Close, Uselu, Benin City"
Narrow Way Clinic,Edo,Benin City,"9 Sunday Ahanor Street, Aduwawa Quarters, Ikpoba Okha, Benin City"
Eseohe Medical Centre,Edo,Ekpoma,"No. 2 Police Barrack Road, Off Benin-Auchi Expressway, Ekpoma"
Fate Medical Centre,Edo,Auchi,"99 Jattu/Auchi Junction, Auchi"
Christ The King Hospital,Ebonyi,Abakaliki,"85 Afikpo Road, Abakaliki"
Federal Teaching Hospital (FETHA),Ebonyi,Abakaliki,"Opposite Police Barracks, Abakaliki"
Adetade Hospital,Ekiti,Ado-Ekiti,"11 Okebola Street, Ado-Ekiti"
Kenechukwu Specialist Hospital,Enugu,Enugu,"Plot 31/32 Thinkers Estate, Thinker's Corner, Enugu"
Ntasiobi Hospital,Enugu,Enugu,"1 Enugu Abor Street, Trans Ekulu, Enugu"
Niger Foundation Hospital,Enugu,Enugu,"5 Presidential Close, Off Alvan Ikoku Street, Independence Layout, Enugu"
Royal Hospital,Enugu,Enugu,"3 Aria Road BRA, Enugu"
Dr Nlogha Okeke Memorial Medical Foundation,Enugu,Enugu,"30 Amaigbo Lane, Uwani, Enugu"
Annunciation Specialist Hospital,Enugu,Enugu,"27 Annunciation Hospital Road, Emene, Enugu"
Unity Ngwo Hospital & Maternity,Enugu,Ngwo,"Ngwo, Enugu"
Julius Ezenyirioha Memorial Hospital,Enugu,Enugu,"39 Atani Street, Abakpa-Nike, Enugu"
Mount Carmel Specialist Hospital,Enugu,Enugu,"119 Chime Avenue, New Haven, Enugu"
The Good Shepherd Hospital,Enugu,Enugu,"Christ Church Compound, Uwani, Enugu"
University of Nigeria Teaching Hospital,Enugu,Ituku Ozalla,"Enugu - Port Harcourt Expressway, Ituku Ozalla"
ESUT Teaching Hospital (Parklane),Enugu,Enugu,"G.R.A. Enugu"
Akulue Memorial Hospital,Enugu,Nsukka,"16/18 Akule Road, Onuiyi, Nsukka"
Federal Medical Centre Gombe,Gombe,Gombe,"Gombe, Gombe State"
Metro Clinic,Gombe,Gombe,"Gombe, Gombe State"
Umezuruike Hospital,Imo,Owerri,"21/23 Umezuruike Street, Owerri"
Ikenegbu Hospital & Maternity,Imo,Owerri,"Plot 11&13 Amadi Crescent, Okigwe Road Layout, Owerri"
Christiana Specialist Hospital,Imo,Owerri,"Egbu Umuoba Road, Owerri"
Ezem Medical Centre,Imo,Owerri,"2 Osuji Street, Owerri"
Uchenna Specialist Hospital and Maternity,Imo,Orlu,"10/12 Enweruzo Crescent, Uwugoirete, Orlu"
Zinna Hospital & Maternity,Imo,Orlu,"14 L.N Obioha Road, Umuna, Orlu"
Federal Medical Centre Birnin Kudu,Jigawa,Birnin Kudu,"Birnin Kudu, Jigawa State"
General Hospital Dutse,Jigawa,Dutse,"Dutse, Jigawa State"
General Hospital Hadejia,Jigawa,Hadejia,"Hadejia, Jigawa State"
Sefa Specialist Hospital,Kaduna,Kaduna,"5 College Road, Kaduna"
Diamond Hospital,Kaduna,Kaduna,"4 MM Lawal Jafaru Isa Road, Off Isah Kaita Road, U/Rimi, Kaduna"
Maneks Hospital Ltd,Kaduna,Kaduna,"A1 Block 5, Makera Road, Kakuri, Kaduna"
Giltoe Aris Specialist Hospital,Kaduna,Kaduna,"17/19 Maiduwa Road, Near Barnawa Market, Kaduna"
Garkuwa Specialist Hospital,Kaduna,Kaduna,"1A Sultan Road, Off Isa Kaita Road, Kaduna"
Alba Clinic & Medical Centre,Kaduna,Kaduna,"25 Constitution Road, Kaduna"
Al-Barka Hospital,Kaduna,Kaduna,"AU5 Gamagira Road, Barkin Ruwa, U Sanusi, Kaduna"
Covenant Hospital & Maternity,Kaduna,Kaduna,"AU6 Benin Street, Kaduna"
Horeb Specialist Hospital,Kaduna,Kaduna,"Kaduna, Kaduna State"
Restoration Hospital,Kaduna,Kaduna,"AL1 Wushishi Road, Kaduna"
Giwa Hospital,Kaduna,Kaduna,"2 Giwa Road, Abakpa GRA, Kaduna"
Harmony Hospital Kaduna,Kaduna,Kaduna,"Narayi Layout, Kaduna"
Jowako Hospital,Kaduna,Kaduna,"BZ Jos Road, Kaduna"
Almadina Clinic,Kaduna,Zaria,"Queen Elizabeth Way, GRA, Zaria"
St. Luke's Hospital,Kaduna,Zaria,"Wusasa, Zaria"
Jamaa Clinic,Kaduna,Zaria,"Samaru, Zaria"
Medical Centre Zonkwa,Kaduna,Zonkwa,"Zonkwa, Kaduna State"
Eko-General Hospital,Kaduna,Saminaka,"Saminaka, Kaduna State"
New Era Hospital Kafanchan,Kaduna,Kafanchan,"8 Funtua Street, Kafanchan"
International Clinic Kano,Kano,Kano,"40 Niger Street / 2A Airport Road, Off Murtala Muhammed Way, Kano"
Premier Clinic,Kano,Kano,"8 First Avenue, Off Court Road, Gyadi-Gyadi, Kano"
Pinnacle Specialist Hospital,Kano,Kano,"Plot 11-12 Hausawa Quarters, Kano"
Barewa Clinic & Maternity,Kano,Kano,"11 Zaria Road, Kano"
Al-Ameen Medical Centre,Kano,Kano,"Maiduguri Road, Kano"
Triumph Clinic & Maternity Ltd,Kano,Kano,"106 New Hospital Road, Extension Hausawa Quarters, Kano"
Khadijat Memorial Hospital,Kano,Kano,"20 Katsina Road, Off Hajj Camp Road, Kano"
Mohammed Abdullahi Wase Specialist Hospital,Kano,Kano,"Nasarawa, Kano"
Challawa Hospital,Kano,Kano,"Kano, Kano State"
Excellency Clinic,Kano,Kano,"Kano, Kano State"
Ivory Clinic,Kano,Kano,"Kano, Kano State"
Standard Specialist Hospital,Kano,Kano,"8A Lamido Crescent, Nasarawa, Kano"
NOL International Clinic,Kano,Kano,"1A Funtua Road, By Lamido Crescent, Kano"
Greenland Clinics and Maternity,Kano,Kano,"Sabon Gari, Kano"
General Hospital Wudil,Kano,Wudil,"Wudil, Kano State"
Alheri Clinic,Katsina,Katsina,"7 IBB Way, Kofar Kaura, Katsina"
Federal Medical Centre Katsina,Katsina,Katsina,"Katsina, Katsina State"
General Hospital Daura,Katsina,Daura,"Daura, Katsina State"
Khadijat Medical Centre Funtua,Katsina,Funtua,"Funtua, Katsina State"
Alfar Clinic & Maternity,Kebbi,Birnin Kebbi,"Birnin Kebbi, Kebbi State"
Martha Bamaiyi Hospital,Kebbi,Zuru,"Zuru, Kebbi State"
General Hospital Yauri,Kebbi,Yauri,"Yauri, Kebbi State"
Ola Olu Hospital,Kwara,Ilorin,"Murtala Mohammed Way, Ilorin"
Olalomi Hospital Ilorin,Kwara,Ilorin,"28 Stadium Road, Ilorin"
Omolola Hospital,Kwara,Ilorin,"26 Murtala Muhammed Way, Ilorin"
Royal Care Hospital,Kwara,Ilorin,"No 1 Ponyan Street GRA, Akanbi, Ilorin"
Surulere Medical Centre,Kwara,Ilorin,"47 Alikinla Street, SK Dan Alhaji Qtrs, Ilorin"
Olanrewaju Hospital,Kwara,Ilorin,"5 Oro Ago Close, GRA, Ilorin"
Owolabi Care Hospital,Kwara,Ilorin,"Offa Road, Ilorin"
Med Care Hospital,Kwara,Ilorin,"182 Pipeline Road, Opposite Ayalla Suite, Tanke-Gaa-Akanbi, Ilorin"
Akorede Clinic & Maternity,Kwara,Ilorin,"Airport Road, Ilorin"
Garin Alimi Hospital,Kwara,Ilorin,"283 Umaru Saro Road, Ilorin"
Ajisafe Hospital,Kwara,OmuAran,"Box 153, Agamo Area, GRA Road, Omu Aran"
Olalomi Hospital Offa,Kwara,Offa,"Irra Road, Offa"
Medubi Hospital,Kogi,Kabba,"Ipele Junction, Kabba"
Poly Hospital & Maternity Home Ltd,Kogi,Lokoja,"Janet Ekundayo Road, Lokoja"
Welfare Hospital & Maternity,Kogi,Okene,"17 Ikuehi Close, GRA, Okene"
Duro Soleye Hospital Ajaokuta,Kogi,Ajaokuta,"B & B Road, New German Camp, Ajaokuta"
Madonna Hospital Ankpa,Kogi,Ankpa,"23 Lagos Street, Ankpa"
Living Hope Hospital Ankpa,Kogi,Ankpa,"Ankpa, Kogi State"
Longe Medical Centre,Lagos,Abule Egba,"126 Olusegun Osoba Road, Agbado Road, Abule Egba"
Lex Medical Centre,Lagos,Ijaiye Ojokoro,"5 Raliat Alabi Street, Off Oguntolu Street, Ijaiye Ojokoro"
Ayodele Medical Centre,Lagos,Iju,"No. 1 Ayodele Close, By Adejonwo Street, Off Jonathan Coker Road, Iju"
Jefis Specialist Hospital,Lagos,Alakuko,"9 Adegbola Street, Alakuko"
Standard Life Care Hospital,Lagos,Abule Egba,"No 6 Alh. Akanbi Oreniwon Street, Off Agbe Road, Abule Egba"
Hamkad Hospital,Lagos,Abule Egba,"39 Olawale Cole U-Turn Bus Stop, Abule Egba"
Blooming Care Hospital,Lagos,Alakuko,"Adebayo Bus Stop, Along Baale Animashaun Road, Alakuko"
Uptown Medical Centre,Lagos,Ijaiye Ojokoro,"13b Agbado Road, Ijaiye, Ojokoro"
Funbi Hospital,Lagos,Alagbado,"10 Otun Close, Moshalashi, Alagbado"
Betta Hospital,Lagos,Agege,"9-11 Coker Street, Ipaja Road, Agege"
All Souls Infirmary Hospital,Lagos,Agege,"8 Church Street, Agege"
Mayfair Medical Centre,Lagos,Agege,"30/32 Adenle Street, Oke-Koto, Agege"
Promise Medical Centre Agege,Lagos,Agege,"No 132 Dopemu Road, Dopemu, Agege"
Light Hospital,Lagos,Akowonjo,"15 Olumide Onanubi Street, Off Oni, Akowonjo"
Father John Burke Memorial Hospital,Lagos,Alimosho,"St Ferdinand Catholic Church Compound, Alimosho LGA"
Gowon Estate Clinic,Lagos,Ipaja,"Plot 40A, 33rd Road, Gowon Estate, Ipaja"
St Joseph Medical Centre Gowon,Lagos,Gowon Estate,"412 Road, St. Joseph Catholic Church, Gowon Estate"
Bio-Batam Hospital,Lagos,Iyana Ipaja,"53 Tijani Street, Iyana Ipaja"
Crystal Specialist Hospital,Lagos,Egbeda,"148 Akowonjo Road, Egbeda"
Prince and Princess Hospital Gowon,Lagos,Gowon Estate,"First Avenue, 12 Road, Gowon Estate, Egbeda"
Faithhill Specialist Hospital,Lagos,Iyana Ipaja,"87 Alimosho Road, Alaguntan, Iyana Ipaja"
Veta Hospital,Lagos,Iyana Ipaja,"1 Veta Close, Araromi Bus Stop, Abeokuta Expressway, Iyana Ipaja"
Talent Specialist Hospital,Lagos,Gowon Estate,"Plot 440, 4th Avenue, Ponle Bus Stop, Gowon Estate, Egbeda"
Mucas Hospital,Lagos,Dopemu,"19 Ogun Street, Adeolu Bus Stop, Dopemu, Agege"
Westcare Specialist Hospital Akowonjo,Lagos,Akowonjo,"32 Samuel Street, Off Vulcanizer Bus Stop, Akowonjo"
Bee Hess Hospital,Lagos,Akowonjo,"155 Akowonjo Road, Akowonjo"
Gloria Medical Centre,Lagos,Anthony/Maryland,"9 Oladeinde Street, Anthony Village"
Osuntuyi Medical Centre Anthony,Lagos,Obanikoro,"9 Alhaji Salisu Street, Obanikoro"
St. Nicholas Hospital,Lagos,Maryland,"18 Faramobi Ajike Crescent, Anthony Village, Maryland"
Folarin Fountain Hospital,Lagos,Maryland,"7 Emmanuel Street, Maryland"
Dako Hospital,Lagos,Apapa,"185 Muyibi Street, Behind God Dey Cinema, Kirikiri Road, Apapa"
Christ Medical Centre,Lagos,Apapa,"28 Randle Road, Apapa"
Iduna Specialist Hospital,Lagos,Apapa,"1A Takoradi Road, Apapa"
St. Louis Hospital,Lagos,Apapa,"3 Ado Lane, Apapa"
Prince and Princess Hospital Apapa,Lagos,Ajegunle,"191 Ojo Road, Ligoli Bus Stop, Ajegunle, Apapa"
All Souls' Clinics Ltd,Lagos,Suru-Alaba,"255 Ojo Road, Suru-Alaba"
Jon Ken Hospital,Lagos,Akoka,"20 Shobande Street, Off Finbarr's College Road, Akoka"
Aniyun Hospital,Lagos,Gbagada,"Femi Aderibigbe Close, Off Diya Street, Ifako, Gbagada"
R-Jolad Hospital,Lagos,Gbagada,"1 Akindele Street, Gbagada"
Gbagada General Hospital,Lagos,Gbagada,"Hospital Road, By Deeper Life Church, Ifako, Gbagada"
Afrimed Specialist Hospital,Lagos,Gbagada,"1B Williams Street, Sawmill, Gbagada"
Cottage Hospital,Lagos,Yaba,"18 Iwaya Road, Onike, Yaba"
Doyen Medical Services,Lagos,Yaba,"Dapo Bode Thomas, Araoti Street, Yaba"
Golden Cross Infirmary,Lagos,Festac,"22nd Road, Festac Town"
Emel Hospital,Lagos,Festac,"21 Road, Z Close, Festac Town"
Godfrey Hospital,Lagos,Amuwo Odofin,"Plot 3554, Kofo Kasumu Avenue, First Estate, Lakeview Phase, Amuwo Odofin"
Amuwo Medical Centre,Lagos,Amuwo Odofin,"Plot 343, House 19, Durbar Road, Mile 2, Amuwo Odofin"
Joedan Hospital Limited,Lagos,Lagos,"3 Lagos-Badagry Expressway, Lagos"
St. Jude's Hospital,Lagos,Festac,"21 Road, B Close House 6, Festac Town"
Shepherd Specialist Hospital,Lagos,Festac,"4th Avenue, E Close, Plot 1619, Festac Town"
Rhowil Total Care Medical,Lagos,Satellite Town,"Plot 8, Block 7, Site G Estate, Satellite Town"
Outreach Children's Hospital Satellite Town,Lagos,Satellite Town,"23 Community Road, Satellite Town"
Outreach Hospital Festac,Lagos,Festac,"4th Avenue by 3rd Avenue Bus Stop, Festac"
Nigerian Naval Reference Hospital,Lagos,Ojo,"Navy Town, Ojo"
Osuntuyi Medical Centre Iju,Lagos,Iju/Ishaga,"255 Iju Road, Balogun Bus Stop, Iju"
Eko Hospital,Lagos,Ikeja,"31 Mobolaji Bank Anthony Way, Ikeja"
Motayo Hospital Ltd,Lagos,Ikeja,"3 Owodunni Street, Off Amore Street, Off Toyin, Ikeja"
Ikeja Medical Centre,Lagos,Ikeja,"11 Ogunmodede Street, Allen Avenue, Ikeja"
Duro Soleye Hospital Ikeja,Lagos,Ikeja,"34 Allen Avenue, Ikeja"
Shoreman Hospital,Lagos,Ikeja,"31 Olowu Street, Ikeja"
445 Nigerian Airforce Hospital,Lagos,Ikeja,"Sam Ethnam Airforce Base, Ikeja"
Newgate Hospital Ltd Ojodu,Lagos,Ojodu,"84 Ogunnusi Road, Ojodu"
Solid Rock Hospital,Lagos,Ojodu,"6 Akinsanya Street, Off Ogunnusi Road, Ojodu"
Alheri Hospital Ojodu,Lagos,Ojodu,"10 Ojodu Abiodun Road, Ojodu Berger"
Royan Hospital,Lagos,Ojodu,"72 Aina Street, Ojodu, Ikeja"
Isalu Hospital,Lagos,Ogba,"349b Odusami Street, Off Wempco Road, Ogba"
Medwin Hospital,Lagos,Ogba,"8 Ologun Street, Off Ajayi Road, Oke-Ira, Ogba"
Blue Cross Hospital,Lagos,Ogba,"6 Ijaiye Road, By Ogba Bus Stop, Ogba"
Queens Specialist Hospital,Lagos,Magodo,"3B C.M.D. Road, Magodo"
Fortress Health Consultants,Lagos,Magodo,"No 8 Kasunmu Street, Shangisha-Magodo"
Nimbus Medical Hospital,Lagos,Ogudu,"4 Kola Iyaomolere Street, Off Agbonyi Road, Ogudu"
Ameso Specialist Hospital,Lagos,Ogudu,"7 Jumat Olukoya Street, Ogudu, Ojota"
De-Vine Hospital,Lagos,Oregun,"8 Lawal Street, Off Oregun Bus Stop, Oregun"
Deji Clinic,Lagos,Ketu,"5 Doyin Omololu Street, Off Mr Biggs Junction, Alapere, Ketu"
Delta Crown Hospital & Maternity,Lagos,Ketu,"14 Ajayi Street, Ketu"
Theo Hospital,Lagos,Ketu,"25 Davies Street, Ketu"
Yombo Hospital & Maternity,Lagos,Ketu,"23 Oluyombo Street, Ikosi, Ketu"
Comfort Clinic & Maternity,Lagos,Ibafo,"3 Ganiyu Ayinla Street, Ibafo"
Beach Land Specialist Hospital,Lagos,Arepo,"16 Al-Firdaus Estate, Arepo"
Real Cure Hospital,Lagos,Mowe,"119 Mowe-Ofada Road, Mowe"
Broadland Hospital,Lagos,Magboro,"Along Gasline Magboro Road, Magboro"
Redeemers Healthcare,Lagos,Mowe,"RCCG Redemption Camp, Lagos-Ibadan Expressway, Mowe"
May Clinics,Lagos,Ilasamaja,"24/26 Sadiku Street, Ilasamaja"
Rivet Specialist Hospital,Lagos,Ilasamaja,"22 Adejumo Tennis Club Street, Ilasoma Area, Oke-Afa"
Mount Sinai Hospital Isolo,Lagos,Isolo,"32 Olanubi Street, Papa Ajao, Isolo"
High Rocks Hospital,Lagos,Oshodi,"38 Afariogun Street, Off Charity Bus Stop, Oshodi"
Geo-Medical Centre Ltd,Lagos,Sogunle,"12 Subairu Street, Ladipo Bus Stop, Sogunle"
Hillstar Hospital,Lagos,Mushin,"98 Palm Avenue, Mushin"
St. Raphael's Hospital,Lagos,Okota,"114 Lateef Adegboyega Street, Off Ago Okota Palace Way, Okota"
Kupa Medical Centre,Lagos,Ajao Estate,"6 Olabode Street, Ajao Estate"
Outreach Children's Hospital Okota,Lagos,Okota,"Cele Bus Stop, Isolo, Okota"
St. Emmanuel Hospital,Lagos,Isolo,"2 Bola Ademuyiwa Street, Behind Aswani Market, Isolo"
Mount Pisgah Hospital,Lagos,Egbe,"104 Isolo Road, Egbe"
Isolo General Hospital,Lagos,Isolo,"121 Mushin Road, Isolo"
Mount Sinai Hospital Egbe,Lagos,Egbe,"105 Isolo Road, Egbe"
Broad Hospital & Maternity,Lagos,Ikotun,"17 Fehintola Street, Off Isijola Street, Ikotun"
Westcare Specialist Hospital Ejigbo,Lagos,Ejigbo,"45 Omiyale Street, Falana, Iyana Ejigbo"
Subol Hospital,Lagos,Idimu,"17 Oba Amusa Avenue, Off Ikotun-Idimu Road, Idimu"
Alimosho General Hospital,Lagos,Igando,"LASU/Isheri Road, Igando"
St. Nicholas Hospital Lagos Island,Lagos,Lagos Island,"57 Campbell Street, Lagos Island"
The Health Arena Hospital,Lagos,Lagos Island,"12 Strachan Street, Off Igbosere Road, Lagos Island"
BMH Hospital,Lagos,Lagos Island,"48 Foresythe Street, Lagos Island"
Best Care Hospital,Lagos,Ikoyi,"2A Keffi Street, South West, Ikoyi"
Lagoon Hospital Ikoyi,Lagos,Ikoyi,"17B Bourdillon Road, Ikoyi"
Divine Medical Centre,Lagos,Ikoyi,"15 Norman Williams Street, S.W. Ikoyi"
Citizen Medical Centre Ikoyi,Lagos,Ikoyi,"86 Norman Williams Street, Ikoyi"
The Roding Medical Centre,Lagos,Victoria Island,"29B Olabode George Street, Off Ajose Adeogun Street, Victoria Island"
Healing Stripes Hospital,Lagos,Victoria Island,"6B Prince Alaba Oniru, Opposite Four Points by Sheraton, Oniru Estate"
Naval Dockyard Medical Centre,Lagos,Victoria Island,"Wilmot Point, Ahmadu Bello Way, Victoria Island"
The Victoria Island Consultancy and Hospital Services Ltd,Lagos,Victoria Island,"3B Fabac Close, Off Ligali Ayorinde Close, Victoria Island"
Germaine Medical Centre,Lagos,Lekki,"Km 63 Lagos-Epe Expressway, Lekki"
Udeco Medical Centre,Lagos,Lekki,"Plot 39 Udeco Medical Road, Off Chevron Drive, Lekki"
Primefort Hospital,Lagos,Lekki,"35C Ajiran Road, Agungi, Lekki Peninsula"
First City Hospital,Lagos,Lekki,"17 Bamidele Eletu Road, Osapa, Lekki Peninsula"
Louis Med Hospital,Lagos,Lekki,"Plot 8, Block 91, Iron Bar Street, Off Providence Street, Lekki Phase 1"
Vedic Lifecare Hospital,Lagos,Lekki,"Block No 105, Plot 6, Olabanji Olajide Street, Lekki Phase 1"
The Royal Infirmary Hospital,Lagos,Ajah,"Along Badore Road, Lekki-Ajah Road"
St Edwards Specialist Hospital,Lagos,Ajah,"4 Dolapo Oshibaike Street, Off S-Fort Estate, Off Addo Road, Ajah"
Doren Specialist Hospital,Lagos,Ajah,"1 Kemfat Road, Thomas Village, Ajah"
JJANED Specialist Hospitals,Lagos,Lekki,"3 Nwakobi Street, Beside Lekki Gardens Phase 2, Lekki"
Lennox Medical Centre,Lagos,Ajah,"7 Floodgate Street, Olokonla, After Lagos Business School, Ajah"
First Graceland Hospitals,Lagos,Ibeju Lekki,"Km 43 Lekki-Epe Expressway, Abijoh-Ajah, Ibeju Lekki"
Epe General Hospital,Lagos,Epe,"Hospital Road, Epe"
Truecare Model Hospital,Lagos,Epe,"19 Apena Street, Papa, Epe"
Kiladejo Hospital & Specialist Clinics,Lagos,Okokomaiko,"15 PPL Road, Opp. New Police Station, Badagry Expressway, Okokomaiko"
Elphy Hospital,Lagos,Okokomaiko,"6 Taskforce Road, PPL Bus Stop, Okokomaiko"
Grace-Land Medical Center,Lagos,Iba,"Km5 LASU Isheri Express Road, Opposite Jakande, Iba Estate"
The Great Physician Hospital,Lagos,Badagry,"3 Niyi Adebule Street, New Nepa, Badagry"
Ademola Hospital,Lagos,Ijankin,"Kilometre 28, Cele Bus Stop, Lagos-Badagry Expressway, Ijankin"
May Hospital,Lagos,Ilupeju,"20 Sura Mogaji Street, Ilupeju"
Ultima Medicare Hospital,Lagos,Palm Grove,"3 Cappa Avenue, Palm Grove Estate"
Osuntuyi Medical Centre Obanikoro,Lagos,Obanikoro,"9 Alhaji Salisu Street, Off Babs Kazeem Street, Obanikoro"
Eko Hospital Surulere,Lagos,Surulere,"24 Akerele Street, Surulere"
Olaniba Memorial Hospital,Lagos,Surulere,"10A Olatunde Onimole Street, Aguda, Surulere"
Smith Medical Centre,Lagos,Surulere,"8 Afric Road, Off Funsho Williams Avenue, Olaleye Estate, Iponri, Surulere"
Mount Sinai Hospital Surulere,Lagos,Surulere,"32 Falolu Street, Surulere"
Mercy Thomas Oredugba Hospital,Lagos,Surulere,"8 Mogaji Street, By Enitan Street, Aguda, Surulere"
Randle General Hospital,Lagos,Surulere,"68 Randle Avenue, Surulere"
Newgate Hospital Ltd Ikorodu,Lagos,Ikorodu,"59 Lagos Road, Ikorodu"
Bolakunmi-Idowu Memorial Centre,Lagos,Ikorodu,"5 Segun Ishola Street, Off Femi Olasanoye Road, Owutu, Ikorodu"
Ikorodu Hospital & Clinic,Lagos,Ikorodu,"9 Muinat Aleje Street, By Afribank, Ikorodu"
Oak Hospital,Lagos,Ikorodu,"197 Lagos Road, Ikorodu"
Holyfill Hospital,Lagos,Ikorodu,"1 Onafowokan Street, Off Agric, Ikorodu"
Mcred Hospital,Lagos,Ikorodu,"5 Camik Street, Off Saka Jojo Street, Odongunyan, Ikorodu"
General Hospital Ikorodu,Lagos,Ikorodu,"TOS Benson Road, Ebute, Ikorodu"
Bidems Victory Hospital & Diagnostic Centre,Lagos,Ikorodu,"Simco Ummemekwu Street, Off Isawo Road, Agric, Ikorodu"
Sauki Hospital,Nasarawa,Lafia,"51 Shendam Street, Lafia"
Kowa Hospital,Nasarawa,Lafia,"Jos Road, Lafia"
Adonai Hospital,Nasarawa,Mararaba,"Adonai Close, Km 10, Keffi Road, Mararaba"
Kings Care Hospital Mararaba,Nasarawa,Mararaba,"2 King's Care Crescent, Beside Royal Dream Hotel, Mararaba"
Nagari Allah Magani Hospital,Nasarawa,Keffi,"Behind Chief Magistrate Court, Keffi"
Shukura Medical Centre,Nasarawa,Keffi,"Keffi-Abuja Road, Keffi"
Royal Hospital Akwanga,Nasarawa,Akwanga,"Keffi-Abuja Road, Behind Gwaza Hotel, Akwanga"
Our Lady Of Apostle Hospital Akwanga,Nasarawa,Akwanga,"Akwanga, Nasarawa State"
OLA Hospital,Nasarawa,Akwanga,"Akwanga, Nasarawa State"
Top Medical Clinic & Maternity,Niger,Minna,"Off Paiko Road, Tunga, Minna"
General Hospital Minna,Niger,Minna,"Hospital Road, Minna"
Faith Medical Clinic,Niger,Minna,"Tunga Low Cost, Minna"
Masol Hospital & Maternity,Niger,Minna,"Off Our Lady Of Fatima Church, Nteco Road, Tunga, Minna"
Bay Clinic,Niger,Minna,"Plot 33, Bay Clinic Road, Tunga, Minna"
Unity Clinic,Niger,Minna,"Bida Road, Kpakungu, Minna"
Standard Clinic,Niger,Minna,"Old Airport Quarters, Minna"
Liberty Hospital,Niger,Suleja,"Opp. First Bank, Minna Road, Suleja"
Citizen Hospital,Niger,Suleja,"Low Cost, Off Suleiman Barau Road, Suleja"
Maraba Hospital,Niger,Suleja,"Maganda, Off Suleiman Barau Road, Suleja"
General Hospital Suleja,Niger,Suleja,"Suleja, Niger State"
Susan Memorial Hospital,Niger,Suleja,"Uphill Suleja, Near Suleja Club, GRA"
Delight Hospital,Niger,Suleja,"Suleja, Niger State"
MayDay Hospital & Maternity,Niger,Mararaba,"Esu Karu Road, Opposite Polaris Bank, Mararaba"
Al-Azeez Medical Centre,Niger,Kontagora,"Kontagora, Niger State"
Maraba Hospital Bida,Niger,Bida,"Bida, Niger State"
General Hospital Kagara,Niger,Kagara,"Kagara, Niger State"
Beachland Specialist Hospital Arepo,Ogun,Arepo,"Plot 16, Al-Firdaus Estate, Arepo"
Overcomer Specialist Hospital,Ogun,Ilisan,"Town Planning New Koregun, Behind Maouka Foam, Ilisan"
Mercy Group Hospital,Ogun,Abeokuta,"Behind UBA Building, Panseke, Abeokuta"
Federal Medical Centre Abeokuta,Ogun,Abeokuta,"Olabisi Onabanjo Way, Idi-Aba, Abeokuta"
First Alpha Medical Centre,Ogun,Abeokuta,"Kuforiji-Olubi Drive, Adigbe, Abeokuta"
God's Hope Hospital,Ogun,Abeokuta,"Adigbe, Abeokuta"
Itunu Hospital,Ogun,Abeokuta,"Bola Tinubu Street, Ita-Eko, Abeokuta"
Shalom Hospital and Maternity Home,Ogun,Abeokuta,"No 7 Ilugun Road, Mokola, Abeokuta"
Bode-Olude Hospital,Ogun,Abeokuta,"Bode Olude Street, Elega, Abeokuta"
Ace Medicare Clinic,Ogun,Sango/Ota,"Km 4, Idi-Iroko Road, Sango Ota"
Hetta Medical Centre,Ogun,Sango/Ota,"15 Matina Road, Sango Ota"
Promise Medical Centre Sango,Ogun,Sango/Ota,"19 Plaza Road, Sango-Ota"
Sure Mercy Hospital,Ogun,Ota,"1 Anuoluwapo Street, Coca-Cola Road, Oju-Ore, Ota"
Ariset Medical Centre Sango,Ogun,Sango/Ota,"5 Anu Oluwapo Street, Behind Sango-Ota"
Ariset Medical Centre Atan,Ogun,Ota,"Behind Goro Market, Atan, Ota"
Hosanna Specialist Hospital,Ogun,Ilaro,"Oja Odan Road, Ilaro"
Rophe Hospital,Ogun,Agbara,"23 Anambra Crescent, Agbara Estate"
Medytop Specialist Hospital,Ogun,Sagamu,"3 Ejimo Alebiosu Street, Off Ojumele Junction, Sagamu"
Ayotola Specialist Hospital,Ogun,Sagamu,"2 Suraju Odunuga Street, Off Baruwa Street, Sagamu"
Skylark Hospital,Ogun,Sagamu,"11/13 Skylark Road, Off Agura, Sagamu"
Femtob Specialist Hospital,Ogun,Ijebu Ode,"5 Obileye Street, GRA, Ijebu Ode"
Jesus is Love & Power Hospital,Ogun,Ifo,"P.O.Box 75, Alaja, Ifo"
St. John & Mary Hospital,Ondo,Akure,"100 Oshabi Street, Akure"
Joe Jane Medical Centre,Ondo,Akure,"Okejebu Road, Ijapo Estate, Akure"
Arif Medical Centre,Ondo,Ore,"Sabo Main Market, Ore"
Babalola Medical Centre,Ondo,Ondo,"21 Hospital Road, Ondo"
Wole Ayo Hospital Ltd,Ondo,Ondo,"1 Olorunsogo Street, Off Brigadier Ademulegun Road, Ondo"
Onward Specialist Hospital,Osun,Oshogbo,"P.O.Box 506, Iwo Road, Okefia, Oshogbo"
Anu Olu Hospital,Osun,Ede,"Agip Area, Ede"
Adenle Hospital,Osun,Ilesa,"7 Oke Ayeso Street, Ilesa"
Seventh Day Adventist Hospital,Osun,Ile-Ife,"Ile-Ife, Osun State"
Living Hope Hospital Ile-Ife,Osun,Ile-Ife,"Ile-Ife, Osun State"
Oke-Ola Catholic Hospital,Osun,Ikire,"Ikire, Osun State"
Ibukun Olu Hospital,Osun,Ikirun,"Oba Agun, Ikirun"
KLM Hospital,Osun,Iwo,"Iwo, Osun State"
Our Lady of Lourdes Catholic Hospital,Osun,Ipetumodu,"Padre, Ipetumodu"
Olanrewaju Hospital Okuku,Osun,Okuku,"Okuku, Osun State"
Lafia Group of Hospital,Oyo,Ibadan,"Behind Standard Trust Bank, NNPC Area, Abimbola Estate, Apata, Ibadan"
Teju Specialist Hospital,Oyo,Ibadan,"8 Alhaji Animashaun Street, Ring Road, Ibadan"
Continental Hospital,Oyo,Ibadan,"Ibadan, Oyo State"
Comfort Medical Centre,Oyo,Ibadan,"3 Lakanmi Close, Total Garden, Off Ring Road, Ibadan"
Lad Medical Center,Oyo,Ibadan,"Orita Challenge, Ibadan"
Alafia Hospital,Oyo,Ibadan,"72 Adekunle Fajuyi Road, Adamasingba, Ibadan"
Medical Practitioner Services Limited,Oyo,Ibadan,"Mokola Junction, Ibadan"
Mobolaji Group Of Hospitals,Oyo,Ibadan,"43B Obafemi Awolowo Way, Opp. Spring Bank, Oke Bola, Dugbe, Ibadan"
J-Rapha Hospital & Maternity Ltd,Oyo,Ibadan,"6 Aare Avenue, New Bodija, Ibadan"
Molly Specialist Hospital,Oyo,Ibadan,"6 America Quarters, Yidi, Ibadan"
Adeoto Memorial Hospital,Oyo,Ibadan,"Popo Bus Stop, Akobo Ojurin Road, Akobo, Ibadan"
Toun Memorial Specialist Hospital,Oyo,Ibadan,"Km 1-2 New Life Road, Ibadan"
The Vine Hospital & Maternity,Oyo,Ibadan,"Plot 10, Block 24, Alaafin Avenue, Oloyole Extension, Ibadan"
Baptist Cottage Hospital,Oyo,Ibadan,"Omi Adio, Ibadan"
Samron Specialist Hospital,Oyo,Ibadan,"Joyce B Road, Ibadan"
Mobolaji Hospital,Oyo,Ibadan,"Oke-Bola, Ibadan"
Gold Cross Medical Clinic,Oyo,Ibadan,"Yemetu, Ibadan"
Highland Specialist,Oyo,Ibadan,"Yemetu, Ibadan"
Unity Medical Centre Eleyele,Oyo,Ibadan,"Eleyele, Ibadan"
Chrisbo Medical Centre,Oyo,Ibadan,"Akobo, Ibadan"
St Joseph Medical Centre Ekotedo,Oyo,Ibadan,"Ekotedo, Ibadan"
Christ Hope Hospital,Oyo,Ibadan,"Moniya, Ibadan"
Idi Ape Medical Centre,Oyo,Ibadan,"Plot 295, Afolabi Layout, Ikolaba Area, Idi Ape, Ibadan"
Abraham and Maria Hospital,Oyo,Ibadan,"Apete, Ibadan"
St. Macrina Hospital,Oyo,Ibadan,"Molete, Ibadan"
Ayokemi Hospital,Oyo,Ibadan,"Iwo Road, Ibadan"
Divine Hospital Monatan,Oyo,Ibadan,"Monatan, Iwo Road, Ibadan"
Pauline Canadian Hospital,Oyo,Ibadan,"Eleyele, Ibadan"
God's Knot Hospital,Oyo,Ibadan,"Ologuneru, Ibadan"
Foremost Base Hospital,Oyo,Ibadan,"Leventis Area, Ibadan"
The Pizzazz Hospital,Oyo,Ibadan,"Lagos By-Pass, Ibadan"
Kingsway International Hospital,Oyo,Ibadan,"Adenuga Street, Kongi, Bodija, Ibadan"
Our Lady Catholic Hospital Iseyin,Oyo,Iseyin,"Irawote Street, Iseyin Town, Iseyin"
Peamark Hospital,Oyo,Oyo Town,"Alalubosa Area, Oyo"
Shalom Medical Care,Oyo,Ogbomoso,"Anglican Grammar School Area, Sabo, Ogbomoso"
St. Martins Hospital,Rivers,Port Harcourt,"28B Flamingo Avenue, Off Arochukwu Street, Rumuomasi, Port Harcourt"
Cova Care Specialist Hospital,Rivers,Port Harcourt,"8 Main Street, Farm Road 2, Eliozu, Port Harcourt"
Save A Life Mission Hospital,Rivers,Port Harcourt,"38 Uyo Street, Off Stadium Road, Port Harcourt"
Eli-Johnson Specialist Hospital,Rivers,Port Harcourt,"13 Bori Road, Rumuibekwe Housing Estate, Port Harcourt"
Paragon Clinic & Imaging,Rivers,Port Harcourt,"No 69 Stadium Road, Port Harcourt"
Success Life Specialist Hospital,Rivers,Port Harcourt,"House 5, Close D, 3rd Avenue, Federal Housing Estate, Agip, Port Harcourt"
Kendox Medical Services,Rivers,Port Harcourt,"No 7 Moses Chinda Avenue, Off 194 Elelenwo, Port Harcourt"
Pamo Clinic & Hospitals Ltd,Rivers,Port Harcourt,"300 Aba Road, Port Harcourt"
Adanta Children's Hospital,Rivers,Port Harcourt,"44 Evo Road, GRA 2, Port Harcourt"
Queen's Hospital,Rivers,Port Harcourt,"Iwofe Road, Off Wimpey Junction, Mile 4, Port Harcourt"
Lifecare Clinic Diobu,Rivers,Port Harcourt,"3 Azikwe Street, Waterline Junction, Ikoku Bus Stop, Diobu, Port Harcourt"
Lifecare Clinic Iriebe,Rivers,Port Harcourt,"By TAP, Railer Park Bus Stop, Iriebe, Port Harcourt"
Garrison Clinic,Rivers,Port Harcourt,"10 Udom Street, By Hotel Chez Therese, Port Harcourt"
NOBSAMS Hospital,Rivers,Port Harcourt,"44 Trans Amadi Road, Oginigba, Port Harcourt"
Princess Medical Centre,Rivers,Port Harcourt,"7 National Supply Road, BEWAC Junction, Trans Amadi Industrial Layout, Port Harcourt"
Sophilke Medical Centre,Rivers,Port Harcourt,"Plot 9 Road 7, Off Peter Odili Road, Port Harcourt"
Castle Clinic,Rivers,Port Harcourt,"7B Shell Location Road, Rumuodalu, Off 42 Rumuola Road, Port Harcourt"
Noxford Hospital,Rivers,Port Harcourt,"Plot 96 Tom Ino-Tariah Avenue, Rumuogba Estate, Port Harcourt"
Seiyefa Clinic,Rivers,Port Harcourt,"11 Harold Wilson Drive, Borokiri, Port Harcourt"
Maryland Healthcare Hospital,Rivers,Port Harcourt,"300 Aba Expressway, Rumuomasi, Port Harcourt"
Ofure Specialist Hospital,Rivers,Port Harcourt,"Plot 65 Okporo Road, Rumuogba, Port Harcourt"
New Mile One Hospital,Rivers,Port Harcourt,"15 Emenike Street, Mile One Diobu, Port Harcourt"
Hilton Clinic,Rivers,Port Harcourt,"2 Ejekwu Wike Close, Off Ada George, Port Harcourt"
Acron Medical Consultant,Rivers,Port Harcourt,"1 Acron Avenue, Behind Graceland Secondary School, Stadium Road, Port Harcourt"
Nedal Specialist Clinic,Rivers,Port Harcourt,"Rumuosi Akpor, Behind Rumuosi Goat Market, Along East West Road, Port Harcourt"
Springrose Hospital,Rivers,Port Harcourt,"22 Rumuagholu Road, Port Harcourt"
Ultimate Specialist Hospital,Rivers,Port Harcourt,"Okuru Abuloma, Opposite Golf, Port Harcourt"
Ranez Medical Consultant,Rivers,Port Harcourt,"18B Jessy and Jenny Road, Off Peter Odili Road, Port Harcourt"
Pearl Clinic,Rivers,Port Harcourt,"4 Manilla-Pepple Street, D/Line, Port Harcourt"
Atlantic Medical Centre,Rivers,Port Harcourt,"76C Emekuku Street, D/Line, Port Harcourt"
Cumi Medical Centre,Rivers,Port Harcourt,"2 Lift Up Close, Obio Akpor, Woji, Port Harcourt"
The Shield Specialist Hospital,Rivers,Port Harcourt,"Plot 4, Close B, Peace Valley Estate, Woji, Port Harcourt"
Phoenix Hospital,Rivers,Port Harcourt,"Artillery, Port Harcourt"
Noble Medical Consultants & Fertility Hospital,Rivers,Port Harcourt,"No 1 Bloombreed School Road, Mgbuoba, by NTA, Port Harcourt"
Queen of Peace Hospital & Maternity,Rivers,Port Harcourt,"No 2 Nihi Street, Sunlight Estate, Umuebule, Port Harcourt"
Raziela Specialist Clinic,Rivers,Port Harcourt,"7 Williams Ajikere Street, Off Rumuola Link Road, Port Harcourt"
Lifecare Clinic Oyigbo,Rivers,Oyigbo,"Afam Power Station, Oyigbo, Port Harcourt"
Divine Grace Hospital,Rivers,Oyigbo,"65B PH/Aba Expressway, Umuebule, Oyigbo, Port Harcourt"
Gbeye Hospital & Maternity,Rivers,Omoku,"17 Ahoada Road, Omoku, Rivers State"
St. Peter's Hospital,Rivers,Bonny,"7 King Jaja Street, Bonny Island"
Channel Clinic & Hospital Ltd,Rivers,Bonny,"10 Hospital Road, Bonny"
St Charles Clinic,Rivers,Bonny,"Opp Navy Base Akiama, Bonny"
Sokoto Clinic,Sokoto,Sokoto,"Abdullahi Fodio Road, Sokoto"
Lafiya Clinic & Health Services,Sokoto,Sokoto,"6 Garba Duba Road, Sokoto"
Federal Medical Centre Jalingo,Taraba,Jalingo,"Jalingo, Taraba State"
Courage Hospital,Taraba,Jalingo,"Jalingo, Taraba State"
Sauki Clinic & Hospital Ltd,Plateau,Jos,"1 Joseph Gomwalk Road, Jos"
347 Nigeria Airforce Hospital,Plateau,Jos,"NAF Station, Jos"
Pulera Medical Centre,Plateau,Barkin-Ladi,"Barkin-Ladi, Plateau State"
Helpang Medical Centre,Plateau,Barkin-Ladi,"Barkin-Ladi, Plateau State"
Nissi Dominu Hospital,Plateau,Mangu,"Mangu, Plateau State"
M & B Hospital,Plateau,Bukuru,"Kungiya Road, Bukuru, Plateau State"
Solat Women Hospital,Plateau,Jos,"4A Kashim Ibrahim Street, Jos"
Kauna Hospital,Plateau,Jos,"35 Ahmadu Bello Way, By Rwang Pam Street, Jos"
Our Lady of Apostles Hospital,Plateau,Jos,"1 Zaria Bye-Pass, Jos"
Ajiko Medical Centre,Yobe,Damaturu,"Gashua Road, Damaturu"
Bade Medical Centre,Yobe,Gashua,"Gashua, Yobe State"
Federal Medical Centre Nguru,Yobe,Nguru,"Nguru, Yobe State"
Salisu Memorial Hospital,Yobe,Nguru,"Nguru, Yobe State"
General Hospital Geidam,Yobe,Geidam,"Geidam, Yobe State"
Poly Medical & Diagnostic Centre,Zamfara,Gusau,"Mortgage Area, Gusau, Zamfara"
Daula Hospital,Zamfara,Gusau,"Gusau, Zamfara State"
Niima Clinic,Zamfara,Kaura Namoda,"Kaura Namoda, Zamfara State"
